{"content":[{"id":"3cf02282","settings":{"background_background":"classic","background_overlay_color":"#FFFFFF","shape_divider_bottom_width":{"unit":"%","size":100,"sizes":[]},"shape_divider_bottom_height":{"unit":"px","size":23,"sizes":[]},"margin":{"unit":"px","top":"0","right":0,"bottom":"0","left":0,"isLinked":false},"padding":{"unit":"px","top":"38","right":"0","bottom":"79","left":"0","isLinked":false},"background_color":"#FFAE00","content_width":{"unit":"px","size":1040,"sizes":[]}},"elements":[{"id":"2477c175","settings":{"_column_size":100,"_inline_size":null},"elements":[{"id":"333e02bf","settings":{"title":"Saiba exatamente o que postar nas Redes Sociais da sua Igreja e Minist\u00e9rio. Economize tempo, esfor\u00e7o e dinheiro com este Calend\u00e1rio de Conte\u00fado para todos os dias do ano de 2020 e 2021!","align":"center","title_color":"#000000","typography_typography":"custom","typography_font_family":"Montserrat","typography_font_size":{"unit":"px","size":26,"sizes":[]},"_margin":{"unit":"px","top":"20","right":"0","bottom":"20","left":"0","isLinked":false},"typography_font_size_mobile":{"unit":"px","size":21,"sizes":[]},"typography_line_height_mobile":{"unit":"em","size":1.3000000000000000444089209850062616169452667236328125,"sizes":[]}},"elements":[],"isInner":false,"widgetType":"heading","elType":"widget"},{"id":"5c0e61c7","settings":{"youtube_url":"https:\/\/www.youtube.com\/watch?v=XHOmBV4js_E","vimeo_url":"https:\/\/vimeo.com\/235215203","dailymotion_url":"https:\/\/www.dailymotion.com\/video\/x6tqhqb","image_overlay":{"id":251,"url":"http:\/\/confeiteirasdesucesso.com.br\/wp-content\/uploads\/2021\/04\/placeholder-23.png"}},"elements":[],"isInner":false,"widgetType":"video","elType":"widget"},{"id":"360834bc","settings":{"text":"SIM! QUERO MAIS RESULTADOS PARA A REDE SOCIAL DA MINHA IGREJA","align":"center","size":"xl","selected_icon":{"value":"fas fa-arrow-circle-right","library":"fa-solid"},"button_background_hover_color":"#E67B00","hover_animation":"pulse-grow","border_radius":{"unit":"px","top":"25","right":"25","bottom":"25","left":"25","isLinked":true},"typography_typography":"custom","typography_font_family":"Roboto","typography_font_weight":"500","_margin":{"unit":"px","top":"20","right":"0","bottom":"20","left":"0","isLinked":false},"align_mobile":"center","typography_font_size_mobile":{"unit":"px","size":17,"sizes":[]}},"elements":[],"isInner":false,"widgetType":"button","elType":"widget"}],"isInner":false,"elType":"column"}],"isInner":false,"elType":"section"},{"id":"abafbb5","settings":{"background_background":"slideshow","background_color":"#FFFFFF","background_slideshow_background_size":"auto","background_slideshow_background_position":"center center","background_overlay_background":"classic","background_overlay_color":"#FFFFFF","background_overlay_opacity":{"unit":"px","size":0.939999999999999946709294817992486059665679931640625,"sizes":[]},"shape_divider_top_color":"#911919","shape_divider_bottom_color":"#54595F","shape_divider_bottom_width":{"unit":"%","size":100,"sizes":[]},"shape_divider_bottom_height":{"unit":"px","size":23,"sizes":[]},"padding":{"unit":"px","top":"50","right":"0","bottom":"70","left":"0","isLinked":false}},"elements":[{"id":"46f15016","settings":{"_column_size":100,"_inline_size":null},"elements":[{"id":"41091101","settings":{"title":"IMPORTANTE! SE VOC\u00ca QUER REALMENTE ALAVANCAR A REDE SOCIAL DA SUA IGREJA OU MINIST\u00c9RIO, LEIA ATENTAMENTE AT\u00c9 O FINAL","align":"center","title_color":"#54595F","typography_typography":"custom","typography_font_family":"Montserrat","typography_font_size":{"unit":"px","size":32,"sizes":[]},"typography_line_height":{"unit":"em","size":1.399999999999999911182158029987476766109466552734375,"sizes":[]},"typography_font_size_mobile":{"unit":"px","size":22,"sizes":[]}},"elements":[],"isInner":false,"widgetType":"heading","elType":"widget"}],"isInner":false,"elType":"column"}],"isInner":false,"elType":"section"},{"id":"66e087e2","settings":{"background_background":"classic","background_color":"#54595F","shape_divider_top":"waves","shape_divider_top_color":"#54595F","shape_divider_top_height":{"unit":"px","size":22,"sizes":[]},"shape_divider_bottom_height":{"unit":"px","size":23,"sizes":[]},"padding":{"unit":"px","top":"80","right":"0","bottom":"80","left":"0","isLinked":false}},"elements":[{"id":"a6b6284","settings":{"_column_size":100,"_inline_size":null},"elements":[{"id":"16e8d1a","settings":{"title":"QUEM SOU EU?","align":"center","title_color":"#FFFFFF","typography_typography":"custom","typography_font_family":"Montserrat","typography_font_size":{"unit":"px","size":32,"sizes":[]}},"elements":[],"isInner":false,"widgetType":"heading","elType":"widget"},{"id":"506ad5d7","settings":{"structure":"20","margin":{"unit":"px","top":"0","right":0,"bottom":"0","left":0,"isLinked":false},"padding":{"unit":"px","top":"21","right":"0","bottom":"0","left":"0","isLinked":false}},"elements":[{"id":"73a8f9f","settings":{"_column_size":50,"_inline_size":null},"elements":[{"id":"5daff76","settings":{"image":{"id":"212","url":"http:\/\/confeiteirasdesucesso.com.br\/wp-content\/uploads\/2021\/04\/placeholder-1.png"},"width":{"unit":"%","size":77,"sizes":[]}},"elements":[],"isInner":false,"widgetType":"image","elType":"widget"}],"isInner":true,"elType":"column"},{"id":"67d39777","settings":{"_column_size":50,"_inline_size":null},"elements":[{"id":"4e4a811f","settings":{"editor":"<p>Me chamo Thiago Lobos. Sou formado em Comunica\u00e7\u00e3o Social pela Universidade Federal de Goi\u00e1s em 2013. No mesmo ano montei minha ag\u00eancia de Marketing Digital especializado no segmento Crist\u00e3o, prestando assessoria para igrejas, minist\u00e9rios e empreendimentos do Reino em geral.<\/p><p>\u00a0<\/p><p>Trabalhei e trabalho com grandes nomes do meio evang\u00e9lico como: <strong>Ap Ren\u00ea Terra Nova, Thalles Roberto, Pr Eduardo Reis, Eu Escolhi Esperar, Delino Mar\u00e7al, Pr Elizeu Rodrigues, Pr Mac Anderson, Pr Benhour Lopes, Pr Alan Brizotti, Lucas Galdino, AD Campinas\/GO<\/strong> entre outros.<\/p><p>E assim como ajudei e ajudo milhares de pessoas a crescerem as Redes Sociais de suas Igrejas e Minist\u00e9rios, vou ajudar voc\u00ea tamb\u00e9m. Vem comigo!!<\/p>","text_color":"#FFFFFF","typography_typography":"custom","typography_font_family":"Montserrat","typography_font_weight":"400"},"elements":[],"isInner":false,"widgetType":"text-editor","elType":"widget"}],"isInner":true,"elType":"column"}],"isInner":true,"elType":"section"}],"isInner":false,"elType":"column"}],"isInner":false,"elType":"section"},{"id":"55feb4f0","settings":{"background_background":"classic","background_color":"#FFFFFF","background_slideshow_background_size":"auto","background_slideshow_background_position":"center center","background_overlay_background":"classic","background_overlay_color":"#FFFFFF","background_overlay_opacity":{"unit":"px","size":1,"sizes":[]},"padding":{"unit":"px","top":"70","right":"0","bottom":"60","left":"0","isLinked":false},"shape_divider_top_height":{"unit":"px","size":12,"sizes":[]}},"elements":[{"id":"579568e0","settings":{"_column_size":100,"_inline_size":null},"elements":[{"id":"1136dc70","settings":{"title":"MENOS ESTRESSE PRA VOC\u00ca E \nMAIS SUCESSO NA REDE SOCIAL","align":"center","title_color":"#54595F","typography_typography":"custom","typography_font_family":"Montserrat","typography_font_size":{"unit":"px","size":32,"sizes":[]},"typography_font_weight":"700","typography_font_size_mobile":{"unit":"px","size":26,"sizes":[]}},"elements":[],"isInner":false,"widgetType":"heading","elType":"widget"},{"id":"6f8be63a","settings":{"title":"com o Calend\u00e1rio Anual voc\u00ea vai...","align":"center","title_color":"#54595F","typography_typography":"custom","typography_font_family":"Montserrat","typography_font_size":{"unit":"px","size":24,"sizes":[]},"typography_font_weight":"600","typography_font_size_mobile":{"unit":"px","size":20,"sizes":[]}},"elements":[],"isInner":false,"widgetType":"heading","elType":"widget"},{"id":"41be47f7","settings":{"structure":"20","margin":{"unit":"px","top":"0","right":0,"bottom":"0","left":0,"isLinked":false},"padding":{"unit":"px","top":"0","right":"0","bottom":"0","left":"0","isLinked":false}},"elements":[{"id":"51dbcfb6","settings":{"_column_size":50,"_inline_size":null},"elements":[{"id":"6a5d123f","settings":{"image":{"id":"212","url":"http:\/\/confeiteirasdesucesso.com.br\/wp-content\/uploads\/2021\/04\/placeholder-1.png"},"width":{"unit":"%","size":47,"sizes":[]},"image_size":"2048x2048"},"elements":[],"isInner":false,"widgetType":"image","elType":"widget"}],"isInner":true,"elType":"column"},{"id":"5b450ca","settings":{"_column_size":50,"_inline_size":null,"margin":{"unit":"px","top":"0","right":"0","bottom":"0","left":"0","isLinked":false},"padding":{"unit":"px","top":"33","right":"0","bottom":"0","left":"0","isLinked":false}},"elements":[{"id":"5d64eef6","settings":{"icon_list":[{"text":"Vai obter resultados expressivos nas Redes Sociais da sua Igreja ou Minist\u00e9rio","_id":"486a964"},{"text":"Vai conseguir mais engajamento, curtidas, coment\u00e1rios e seguidores","_id":"4061260"},{"text":"N\u00e3o vai mais perder tempo pensando no que postar","_id":"8b9fd8a"},{"text":"N\u00e3o vai mais passar raiva tendo que criar uma arte nova para postar todos os dias","_id":"6913a38"},{"text":"Vai ganhar mais reconhecimento pelo seu trabalho, com os resultados obtidos","_id":"bfb9857"},{"text":"Ter\u00e1 sua vida organizada, livre de surpresas, como o que postar em datas comemorativas.","_id":"f83a6cc"},{"text":"N\u00e3o vai se preocupar mais com o que postar. Ter\u00e1 tudo pronto em suas m\u00e3os. Basta pegar e colocar na Rede Social","_id":"01bf262"},{"text":"Ter\u00e1 mais tempo livre e qualidade de vida, enquanto as Redes Sociais que voc\u00ea administra est\u00e3o bombando","_id":"2ecaccb"}],"icon_typography_typography":"custom","icon_typography_font_family":"Montserrat","icon_typography_font_size":{"unit":"px","size":18,"sizes":[]},"icon_typography_font_weight":"400","space_between":{"unit":"px","size":26,"sizes":[]},"icon_size":{"unit":"px","size":12,"sizes":[]},"icon_typography_line_height":{"unit":"em","size":1.399999999999999911182158029987476766109466552734375,"sizes":[]}},"elements":[],"isInner":false,"widgetType":"icon-list","elType":"widget"}],"isInner":true,"elType":"column"}],"isInner":true,"elType":"section"}],"isInner":false,"elType":"column"}],"isInner":false,"elType":"section"},{"id":"2d4efd6","settings":{"gap":"no","custom_height":{"unit":"px","size":1000},"content_position":"middle","padding":{"unit":"px","top":"100","right":"0","bottom":"100","left":"0","isLinked":false},"padding_tablet":{"unit":"px","top":"100","right":"25","bottom":"100","left":"25","isLinked":false},"padding_mobile":{"unit":"px","top":"50","right":"20","bottom":"50","left":"20","isLinked":false},"background_background":"classic","background_color":"#FFAE00","shape_divider_top_height":{"unit":"px","size":25,"sizes":[]},"shape_divider_bottom_height":{"unit":"px","size":25,"sizes":[]}},"elements":[{"id":"47a4084","settings":{"_column_size":100},"elements":[{"id":"701b7ea2","settings":{"title":"VEJA COMO SE TORNA TUDO MAIS F\u00c1CIL COM O CALEND\u00c1RIO EM SUAS M\u00c3OS","align":"center","title_color":"#000000","typography_typography":"custom","typography_font_size":{"unit":"px","size":32},"typography_line_height":{"unit":"em","size":1.1999999999999999555910790149937383830547332763671875},"typography_font_size_mobile":{"unit":"px","size":26},"header_size":"h4","typography_font_size_tablet":{"unit":"px","size":45},"typography_font_family":"Montserrat"},"elements":[],"isInner":false,"widgetType":"heading","elType":"widget"},{"id":"5c000aa6","settings":{"title":"Apresento agora o passo a passo, utilizando o calend\u00e1rio, para voc\u00ea obter o m\u00e1ximo de resultado nas Redes Sociais, sem passar raiva, sem perder tempo e dinheiro","align":"center","title_color":"#000000","typography_typography":"custom","typography_font_family":"Montserrat","typography_font_size":{"unit":"px","size":20,"sizes":[]},"typography_font_weight":"400"},"elements":[],"isInner":false,"widgetType":"heading","elType":"widget"},{"id":"775511f4","settings":{"structure":"20","padding":{"unit":"px","top":"40","right":"0","bottom":"0","left":"0","isLinked":false},"gap":"no","content_position":"middle"},"elements":[{"id":"1e2c452","settings":{"_column_size":50,"_inline_size":null,"margin":{"unit":"px","top":"0","right":"0","bottom":"0","left":"0","isLinked":true},"padding":{"unit":"px","top":"0","right":"0","bottom":"0","left":"0","isLinked":true}},"elements":[{"id":"1c462f07","settings":{"image":{"id":"212","url":"http:\/\/confeiteirasdesucesso.com.br\/wp-content\/uploads\/2021\/04\/placeholder-1.png"}},"elements":[],"isInner":false,"widgetType":"image","elType":"widget"}],"isInner":true,"elType":"column"},{"id":"e854e22","settings":{"_column_size":50,"_inline_size":null,"padding":{"unit":"px","top":"15","right":"55","bottom":"25","left":"55","isLinked":false},"padding_mobile":{"unit":"px","top":"35","right":"35","bottom":"35","left":"35","isLinked":true}},"elements":[{"id":"a826833","settings":{"title":"CONSULTE O CRONOGRAMA","align":"center","title_color":"#000000","typography_typography":"custom","typography_font_size":{"unit":"px","size":28},"typography_font_family":"Montserrat"},"elements":[],"isInner":false,"widgetType":"heading","elType":"widget"},{"id":"3dbbe10","settings":{"editor":"<p>Acesse o calend\u00e1rio, consulte o que voc\u00ea deve postar no dia.\u00a0<u class=\"medium-u\">Nele\u00a0<\/u><u class=\"medium-u\">estar\u00e1 tudo pronto<\/u>, com o conte\u00fado program\u00e1tico do que voc\u00ea deve postar em cada dia do ano.<\/p>","align":"center","text_color":"#000000","typography_typography":"custom","typography_font_size":{"unit":"px","size":20},"typography_font_weight":"300","typography_line_height":{"unit":"em","size":1.600000000000000088817841970012523233890533447265625},"typography_font_family":"Montserrat"},"elements":[],"isInner":false,"widgetType":"text-editor","elType":"widget"}],"isInner":true,"elType":"column"}],"isInner":true,"elType":"section"},{"id":"4bfb42e8","settings":{"structure":"20","gap":"no","content_position":"middle","reverse_order_mobile":"reverse-mobile"},"elements":[{"id":"72091454","settings":{"_column_size":50,"_inline_size":null,"padding":{"unit":"px","top":"15","right":"55","bottom":"25","left":"55","isLinked":false},"padding_mobile":{"unit":"px","top":"35","right":"35","bottom":"35","left":"35","isLinked":true}},"elements":[{"id":"78d8c412","settings":{"title":"BUSQUE UMA ARTE","align":"center","title_color":"#000000","typography_typography":"custom","typography_font_size":{"unit":"px","size":28},"typography_font_family":"Montserrat"},"elements":[],"isInner":false,"widgetType":"heading","elType":"widget"},{"id":"12ea4fbb","settings":{"editor":"<p>Acesse o arsenal de\u00a0<u class=\"medium-u\">artes prontas que voc\u00ea ter\u00e1 dispon\u00edvel<\/u>. E pegue uma arte que esteja de acordo com o que deve ser postado no dia em quest\u00e3o, definido no calend\u00e1rio<\/p>","align":"center","text_color":"#000000","typography_typography":"custom","typography_font_size":{"unit":"px","size":20},"typography_font_weight":"300","typography_line_height":{"unit":"em","size":1.600000000000000088817841970012523233890533447265625},"typography_font_family":"Montserrat"},"elements":[],"isInner":false,"widgetType":"text-editor","elType":"widget"}],"isInner":true,"elType":"column"},{"id":"a3de0df","settings":{"_column_size":50,"_inline_size":null,"margin":{"unit":"px","top":"0","right":"0","bottom":"0","left":"0","isLinked":true},"padding":{"unit":"px","top":"0","right":"0","bottom":"0","left":"0","isLinked":true}},"elements":[{"id":"14ff27bd","settings":{"image":{"id":"212","url":"http:\/\/confeiteirasdesucesso.com.br\/wp-content\/uploads\/2021\/04\/placeholder-1.png"}},"elements":[],"isInner":false,"widgetType":"image","elType":"widget"}],"isInner":true,"elType":"column"}],"isInner":true,"elType":"section"},{"id":"319b2529","settings":{"structure":"20","padding":{"unit":"px","top":"40","right":"0","bottom":"0","left":"0","isLinked":false},"gap":"no","content_position":"middle"},"elements":[{"id":"22f01db9","settings":{"_column_size":50,"_inline_size":null,"margin":{"unit":"px","top":"0","right":"0","bottom":"0","left":"0","isLinked":true},"padding":{"unit":"px","top":"0","right":"0","bottom":"0","left":"0","isLinked":true}},"elements":[{"id":"74ecca31","settings":{"image":{"id":"212","url":"http:\/\/confeiteirasdesucesso.com.br\/wp-content\/uploads\/2021\/04\/placeholder-1.png"}},"elements":[],"isInner":false,"widgetType":"image","elType":"widget"}],"isInner":true,"elType":"column"},{"id":"6a86588f","settings":{"_column_size":50,"_inline_size":null,"padding":{"unit":"px","top":"15","right":"55","bottom":"25","left":"55","isLinked":false},"padding_mobile":{"unit":"px","top":"35","right":"35","bottom":"35","left":"35","isLinked":true}},"elements":[{"id":"610e1cf2","settings":{"title":"FA\u00c7A A POSTAGEM\u200b","align":"center","title_color":"#000000","typography_typography":"custom","typography_font_size":{"unit":"px","size":28},"typography_font_family":"Montserrat"},"elements":[],"isInner":false,"widgetType":"heading","elType":"widget"},{"id":"3a97efcc","settings":{"editor":"<p><span style=\"letter-spacing: -0.27px;\">Agora que voc\u00ea j\u00e1 consultou no calend\u00e1rio o que deve postar e j\u00e1 buscou a arte pronta.\u00a0<\/span><u class=\"medium-u\" style=\"letter-spacing: -0.27px;\">Fa\u00e7a a postagem na Rede Social<\/u><span style=\"letter-spacing: -0.27px;\">\u00a0da sua Igreja ou Minist\u00e9rio.<\/span><\/p>","align":"center","text_color":"#000000","typography_typography":"custom","typography_font_size":{"unit":"px","size":20},"typography_font_weight":"300","typography_line_height":{"unit":"em","size":1.600000000000000088817841970012523233890533447265625},"typography_font_family":"Montserrat"},"elements":[],"isInner":false,"widgetType":"text-editor","elType":"widget"}],"isInner":true,"elType":"column"}],"isInner":true,"elType":"section"},{"id":"781d8e2f","settings":{"structure":"20","gap":"no","content_position":"middle","reverse_order_mobile":"reverse-mobile"},"elements":[{"id":"79acd7cd","settings":{"_column_size":50,"_inline_size":null,"padding":{"unit":"px","top":"15","right":"55","bottom":"25","left":"55","isLinked":false},"padding_mobile":{"unit":"px","top":"35","right":"35","bottom":"35","left":"35","isLinked":true}},"elements":[{"id":"3b4ba96b","settings":{"title":"TUDO PRONTO","align":"center","title_color":"#000000","typography_typography":"custom","typography_font_size":{"unit":"px","size":28},"typography_font_family":"Montserrat"},"elements":[],"isInner":false,"widgetType":"heading","elType":"widget"},{"id":"63bb3453","settings":{"editor":"<p>Tudo pronto! A meta do dia foi conclu\u00edda, e voc\u00ea far\u00e1 isso em tempo RECORDE. Agora\u00a0<u class=\"medium-u\">voc\u00ea tem postagens profissionais prontas todos os dias<\/u>\u00a0nas Redes Socias, aumentando o engajamento, as curtidas, coment\u00e1rios e te dando muito mais liberdade<\/p>","align":"center","text_color":"#000000","typography_typography":"custom","typography_font_size":{"unit":"px","size":20},"typography_font_weight":"300","typography_line_height":{"unit":"em","size":1.600000000000000088817841970012523233890533447265625},"typography_font_family":"Montserrat"},"elements":[],"isInner":false,"widgetType":"text-editor","elType":"widget"}],"isInner":true,"elType":"column"},{"id":"5e2d76d6","settings":{"_column_size":50,"_inline_size":null,"margin":{"unit":"px","top":"0","right":"0","bottom":"0","left":"0","isLinked":true},"padding":{"unit":"px","top":"0","right":"0","bottom":"0","left":"0","isLinked":true}},"elements":[{"id":"e9a5f0d","settings":{"image":{"id":"212","url":"http:\/\/confeiteirasdesucesso.com.br\/wp-content\/uploads\/2021\/04\/placeholder-1.png"}},"elements":[],"isInner":false,"widgetType":"image","elType":"widget"}],"isInner":true,"elType":"column"}],"isInner":true,"elType":"section"}],"isInner":false,"elType":"column"}],"isInner":false,"elType":"section"},{"id":"3b5de714","settings":{"gap":"no","custom_height":{"unit":"px","size":""},"content_position":"middle","padding":{"unit":"px","top":"100","right":"0","bottom":"100","left":"0","isLinked":false},"padding_tablet":{"unit":"px","top":"100","right":"25","bottom":"100","left":"25","isLinked":false},"padding_mobile":{"unit":"px","top":"50","right":"20","bottom":"50","left":"20","isLinked":false},"background_background":"classic","background_color":"#FFFFFF","shape_divider_top_height":{"unit":"px","size":25,"sizes":[]}},"elements":[{"id":"4ae4a31c","settings":{"_column_size":100},"elements":[{"id":"65dea305","settings":{"title":"CONFIRA ALGUMAS HIST\u00d3RIAS DE SUCESSO DE PESSOAS QUE CONFIAM NO TRABALHO DE THIAGO LOBOS","align":"center","title_color":"#54595F","typography_typography":"custom","typography_font_size":{"unit":"rem","size":2},"typography_font_weight":"600","typography_font_size_tablet":{"unit":"px","size":45},"header_size":"h4","typography_font_size_mobile":{"unit":"px","size":20},"typography_font_family":"Montserrat"},"elements":[],"isInner":false,"widgetType":"heading","elType":"widget"},{"id":"67a2fa6b","settings":{"structure":"20","padding":{"unit":"px","top":"35","right":"0","bottom":"0","left":"0","isLinked":false},"padding_tablet":{"unit":"px","top":"15","right":"0","bottom":"0","left":"0","isLinked":false}},"elements":[{"id":"75309aa6","settings":{"_column_size":50,"_inline_size":null,"border_border":"solid","border_width":{"unit":"px","top":"1","right":"1","bottom":"1","left":"1","isLinked":true},"border_radius":{"unit":"px","top":"5","right":"5","bottom":"5","left":"5","isLinked":true},"margin":{"unit":"px","top":"0","right":"16","bottom":"0","left":"0","isLinked":false},"margin_tablet":{"unit":"px","top":"0","right":"10","bottom":"0","left":"0","isLinked":false},"margin_mobile":{"unit":"px","top":"0","right":"0","bottom":"0","left":"0","isLinked":false},"padding_tablet":{"unit":"px","top":"20","right":"20","bottom":"20","left":"20","isLinked":true},"border_color":"#E4E4E4"},"elements":[{"id":"4045a307","settings":{"youtube_url":"https:\/\/www.youtube.com\/watch?v=XHOmBV4js_E","vimeo_url":"https:\/\/vimeo.com\/235215203","dailymotion_url":"https:\/\/www.dailymotion.com\/video\/x6tqhqb","image_overlay":{"id":252,"url":"http:\/\/confeiteirasdesucesso.com.br\/wp-content\/uploads\/2021\/04\/placeholder-24.png"}},"elements":[],"isInner":false,"widgetType":"video","elType":"widget"},{"id":"22096e98","settings":{"testimonial_content":"","testimonial_name":"Adam Sendler","testimonial_job":"Designer","content_content_color":"#000000","content_typography_typography":"custom","content_typography_font_size":{"unit":"px","size":16},"content_typography_font_weight":"300","content_typography_line_height":{"unit":"em","size":1.8000000000000000444089209850062616169452667236328125},"image_size":{"unit":"px","size":55},"name_text_color":"#000000","name_typography_typography":"custom","name_typography_font_size":{"unit":"px","size":20},"job_text_color":"#bfbfbf","job_typography_typography":"custom","job_typography_font_size":{"unit":"px","size":15},"job_typography_font_weight":"300","name_typography_font_size_tablet":{"unit":"px","size":18},"testimonial_alignment":"left","testimonial_image":{"id":253,"url":"http:\/\/confeiteirasdesucesso.com.br\/wp-content\/uploads\/2021\/04\/placeholder-25.png"}},"elements":[],"isInner":false,"widgetType":"testimonial","elType":"widget"}],"isInner":true,"elType":"column"},{"id":"2bffda9a","settings":{"_column_size":50,"_inline_size":null,"border_border":"solid","border_width":{"unit":"px","top":"1","right":"1","bottom":"1","left":"1","isLinked":true},"border_radius":{"unit":"px","top":"5","right":"5","bottom":"5","left":"5","isLinked":true},"margin":{"unit":"px","top":"0","right":"16","bottom":"0","left":"0","isLinked":false},"margin_tablet":{"unit":"px","top":"0","right":"10","bottom":"0","left":"0","isLinked":false},"margin_mobile":{"unit":"px","top":"0","right":"0","bottom":"0","left":"0","isLinked":false},"padding_tablet":{"unit":"px","top":"20","right":"20","bottom":"20","left":"20","isLinked":true},"border_color":"#E4E4E4"},"elements":[{"id":"1fa5d8fd","settings":{"youtube_url":"https:\/\/www.youtube.com\/watch?v=XHOmBV4js_E","vimeo_url":"https:\/\/vimeo.com\/235215203","dailymotion_url":"https:\/\/www.dailymotion.com\/video\/x6tqhqb","image_overlay":{"id":254,"url":"http:\/\/confeiteirasdesucesso.com.br\/wp-content\/uploads\/2021\/04\/placeholder-26.png"}},"elements":[],"isInner":false,"widgetType":"video","elType":"widget"},{"id":"7d4285cb","settings":{"testimonial_content":"","testimonial_name":"Adam Sendler","testimonial_job":"Designer","content_content_color":"#000000","content_typography_typography":"custom","content_typography_font_size":{"unit":"px","size":16},"content_typography_font_weight":"300","content_typography_line_height":{"unit":"em","size":1.8000000000000000444089209850062616169452667236328125},"image_size":{"unit":"px","size":55},"name_text_color":"#000000","name_typography_typography":"custom","name_typography_font_size":{"unit":"px","size":20},"job_text_color":"#bfbfbf","job_typography_typography":"custom","job_typography_font_size":{"unit":"px","size":15},"job_typography_font_weight":"300","name_typography_font_size_tablet":{"unit":"px","size":18},"testimonial_alignment":"left","testimonial_image":{"id":255,"url":"http:\/\/confeiteirasdesucesso.com.br\/wp-content\/uploads\/2021\/04\/placeholder-27.png"}},"elements":[],"isInner":false,"widgetType":"testimonial","elType":"widget"}],"isInner":true,"elType":"column"}],"isInner":true,"elType":"section"}],"isInner":false,"elType":"column"}],"isInner":false,"elType":"section"},{"id":"6c796410","settings":{"background_background":"classic","background_overlay_background":"classic","background_overlay_color":"#54595F","background_overlay_opacity":{"unit":"px","size":0.9499999999999999555910790149937383830547332763671875,"sizes":[]},"background_color":"#54595F","shape_divider_top_height":{"unit":"px","size":25,"sizes":[]},"shape_divider_bottom_height":{"unit":"px","size":25,"sizes":[]},"padding":{"unit":"px","top":"80","right":"0","bottom":"80","left":"0","isLinked":false}},"elements":[{"id":"245718db","settings":{"_column_size":100,"_inline_size":null},"elements":[{"id":"573dbfc8","settings":{"title":"+ 3 B\u00d4NUS EXCLUSIVOS","align":"center","title_color":"#FFFFFF","typography_typography":"custom","typography_font_family":"Montserrat","typography_font_size":{"unit":"px","size":32,"sizes":[]}},"elements":[],"isInner":false,"widgetType":"heading","elType":"widget"},{"id":"6326e077","settings":{"structure":"20","margin":{"unit":"px","top":"0","right":0,"bottom":"0","left":0,"isLinked":false},"padding":{"unit":"px","top":"50","right":"0","bottom":"0","left":"0","isLinked":false}},"elements":[{"id":"4a6c0b07","settings":{"_column_size":50,"_inline_size":null},"elements":[{"id":"7cd3ee42","settings":{"title":"B\u00d4NUS #1","align":"left","title_color":"#FFFFFF","typography_typography":"custom","typography_font_family":"Montserrat","typography_font_size":{"unit":"rem","size":1.8000000000000000444089209850062616169452667236328125,"sizes":[]},"_padding":{"unit":"px","top":"0","right":"0","bottom":"0","left":"0","isLinked":false}},"elements":[],"isInner":false,"widgetType":"heading","elType":"widget"},{"id":"468ba224","settings":{"title":"BOX BANNERS B\u00cdBLICOS\n","align":"left","title_color":"#FFFFFF","typography_typography":"custom","typography_font_family":"Montserrat","typography_font_size":{"unit":"px","size":28,"sizes":[]},"_margin":{"unit":"px","top":"0","right":"0","bottom":"0","left":"0","isLinked":true},"_padding":{"unit":"px","top":"0","right":"0","bottom":"0","left":"0","isLinked":true}},"elements":[],"isInner":false,"widgetType":"heading","elType":"widget"},{"id":"58c7badb","settings":{"title":"Tenha um acervo de mais de 170 banners prontos de Vers\u00edculos B\u00edblicos.","align":"left","title_color":"#FFFFFF","typography_typography":"custom","typography_font_family":"Montserrat","typography_font_size":{"unit":"px","size":24,"sizes":[]},"typography_font_weight":"400","typography_line_height":{"unit":"em","size":1.3000000000000000444089209850062616169452667236328125,"sizes":[]}},"elements":[],"isInner":false,"widgetType":"heading","elType":"widget"}],"isInner":true,"elType":"column"},{"id":"391e13f9","settings":{"_column_size":50,"_inline_size":null},"elements":[{"id":"ceb56d6","settings":{"image":{"id":"212","url":"http:\/\/confeiteirasdesucesso.com.br\/wp-content\/uploads\/2021\/04\/placeholder-1.png"},"image_size":"medium","image_custom_dimension":{"width":"200","height":"300"}},"elements":[],"isInner":false,"widgetType":"image","elType":"widget"}],"isInner":true,"elType":"column"}],"isInner":true,"elType":"section"},{"id":"29e4db21","settings":{"structure":"20","margin":{"unit":"px","top":"0","right":0,"bottom":"0","left":0,"isLinked":false},"padding":{"unit":"px","top":"20","right":"0","bottom":"0","left":"0","isLinked":false}},"elements":[{"id":"3ca99473","settings":{"_column_size":50,"_inline_size":null},"elements":[{"id":"1df11bdf","settings":{"title":"B\u00d4NUS #2","align":"left","title_color":"#FFFFFF","typography_typography":"custom","typography_font_family":"Montserrat","typography_font_size":{"unit":"rem","size":1.8000000000000000444089209850062616169452667236328125,"sizes":[]},"_padding":{"unit":"px","top":"0","right":"0","bottom":"0","left":"0","isLinked":false}},"elements":[],"isInner":false,"widgetType":"heading","elType":"widget"},{"id":"4da74bd5","settings":{"title":"BOX BANNERS FRASES E CITA\u00c7\u00d5ES","align":"left","title_color":"#FFFFFF","typography_typography":"custom","typography_font_family":"Montserrat","typography_font_size":{"unit":"px","size":28,"sizes":[]},"_margin":{"unit":"px","top":"0","right":"0","bottom":"0","left":"0","isLinked":true},"_padding":{"unit":"px","top":"0","right":"0","bottom":"0","left":"0","isLinked":true}},"elements":[],"isInner":false,"widgetType":"heading","elType":"widget"},{"id":"304a87f6","settings":{"title":"Tenha um acervo de mais de 130 banners prontos de Frases e Cita\u00e7\u00f5es Crist\u00e3s","align":"left","title_color":"#FFFFFF","typography_typography":"custom","typography_font_family":"Montserrat","typography_font_size":{"unit":"px","size":24,"sizes":[]},"typography_font_weight":"400","typography_line_height":{"unit":"em","size":1.3000000000000000444089209850062616169452667236328125,"sizes":[]}},"elements":[],"isInner":false,"widgetType":"heading","elType":"widget"}],"isInner":true,"elType":"column"},{"id":"53367db6","settings":{"_column_size":50,"_inline_size":null},"elements":[{"id":"78f7c6c","settings":{"image":{"id":"217","url":"http:\/\/confeiteirasdesucesso.com.br\/wp-content\/uploads\/2021\/04\/placeholder-6.png"},"image_size":"medium"},"elements":[],"isInner":false,"widgetType":"image","elType":"widget"}],"isInner":true,"elType":"column"}],"isInner":true,"elType":"section"},{"id":"3071d649","settings":{"structure":"20","margin":{"unit":"px","top":"0","right":0,"bottom":"0","left":0,"isLinked":false},"padding":{"unit":"px","top":"50","right":"0","bottom":"0","left":"0","isLinked":false}},"elements":[{"id":"6442d134","settings":{"_column_size":50,"_inline_size":null},"elements":[{"id":"3d06925a","settings":{"title":"B\u00d4NUS #3","align":"left","title_color":"#FFFFFF","typography_typography":"custom","typography_font_family":"Montserrat","typography_font_size":{"unit":"rem","size":1.8000000000000000444089209850062616169452667236328125,"sizes":[]},"_padding":{"unit":"px","top":"0","right":"0","bottom":"0","left":"0","isLinked":false}},"elements":[],"isInner":false,"widgetType":"heading","elType":"widget"},{"id":"30561e0f","settings":{"title":"BOX BANNERS DATAS COMEMORATIVAS","align":"left","title_color":"#FFFFFF","typography_typography":"custom","typography_font_family":"Montserrat","typography_font_size":{"unit":"px","size":28,"sizes":[]},"_margin":{"unit":"px","top":"0","right":"0","bottom":"0","left":"0","isLinked":true},"_padding":{"unit":"px","top":"0","right":"0","bottom":"0","left":"0","isLinked":true}},"elements":[],"isInner":false,"widgetType":"heading","elType":"widget"},{"id":"7a731ece","settings":{"title":"Tenha um acervo de mais de 180 banners prontos de datas comemorativas","align":"left","title_color":"#FFFFFF","typography_typography":"custom","typography_font_family":"Montserrat","typography_font_size":{"unit":"px","size":24,"sizes":[]},"typography_font_weight":"400","typography_line_height":{"unit":"em","size":1.3000000000000000444089209850062616169452667236328125,"sizes":[]}},"elements":[],"isInner":false,"widgetType":"heading","elType":"widget"}],"isInner":true,"elType":"column"},{"id":"60567c80","settings":{"_column_size":50,"_inline_size":null},"elements":[{"id":"550890e1","settings":{"image":{"id":"212","url":"http:\/\/confeiteirasdesucesso.com.br\/wp-content\/uploads\/2021\/04\/placeholder-1.png"},"image_size":"medium"},"elements":[],"isInner":false,"widgetType":"image","elType":"widget"}],"isInner":true,"elType":"column"}],"isInner":true,"elType":"section"}],"isInner":false,"elType":"column"}],"isInner":false,"elType":"section"},{"id":"782fc09f","settings":{"background_background":"classic","background_color":"#FFFFFF","shape_divider_bottom_height":{"unit":"px","size":25,"sizes":[]},"padding":{"unit":"px","top":"80","right":"0","bottom":"80","left":"0","isLinked":false}},"elements":[{"id":"4e0db438","settings":{"_column_size":100,"_inline_size":null},"elements":[{"id":"49673cb0","settings":{"title":"\nRECAPITULANDO TUDO QUE VOC\u00ca VAI RECEBER AO GARANTIR O SEU CALEND\u00c1RIO","align":"center","title_color":"#54595F","typography_typography":"custom","typography_font_family":"Montserrat","typography_font_size":{"unit":"px","size":32,"sizes":[]},"_margin":{"unit":"px","top":"0","right":"0","bottom":"40","left":"0","isLinked":false}},"elements":[],"isInner":false,"widgetType":"heading","elType":"widget"},{"id":"3a33dae6","settings":{"structure":"31","margin":{"unit":"px","top":"0","right":0,"bottom":"0","left":0,"isLinked":false},"padding":{"unit":"px","top":"0","right":"0","bottom":"0","left":"0","isLinked":false}},"elements":[{"id":"5d2b8dae","settings":{"_column_size":25,"_inline_size":null,"_inline_size_mobile":15},"elements":[{"id":"53ef0532","settings":{"selected_icon":{"value":"fas fa-check-circle","library":"fa-solid"},"primary_color":"#61CE70","size":{"unit":"px","size":26,"sizes":[]},"align_mobile":"left"},"elements":[],"isInner":false,"widgetType":"icon","elType":"widget"}],"isInner":true,"elType":"column"},{"id":"4910ee51","settings":{"_column_size":25,"_inline_size":null,"_inline_size_mobile":85},"elements":[{"id":"6fdbbca0","settings":{"title":"CALEND\u00c1RIO DE CONTE\u00daDO","align":"left","title_color":"#54595F","typography_typography":"custom","typography_font_family":"Montserrat","typography_font_size":{"unit":"px","size":22,"sizes":[]},"_margin":{"unit":"px","top":"3","right":"0","bottom":"0","left":"-111","isLinked":false},"_padding":{"unit":"px","top":"0","right":"0","bottom":"0","left":"0","isLinked":false},"_margin_mobile":{"unit":"px","top":"0","right":"0","bottom":"0","left":"0","isLinked":true}},"elements":[],"isInner":false,"widgetType":"heading","elType":"widget"}],"isInner":true,"elType":"column"},{"id":"56213585","settings":{"_column_size":50,"_inline_size":null,"content_position":"center"},"elements":[{"id":"4c955e54","settings":{"title":"<s>R$ 147,00<\/s>","title_color":"#54595F","typography_typography":"custom","typography_font_family":"Montserrat","typography_font_size":{"unit":"px","size":22,"sizes":[]},"align_mobile":"right","align":"center"},"elements":[],"isInner":false,"widgetType":"heading","elType":"widget"}],"isInner":true,"elType":"column"}],"isInner":true,"elType":"section"},{"id":"97ee587","settings":{"text":"Divisor","color":"#DADADA"},"elements":[],"isInner":false,"widgetType":"divider","elType":"widget"},{"id":"40455eed","settings":{"structure":"31","margin":{"unit":"px","top":"0","right":0,"bottom":"0","left":0,"isLinked":false},"padding":{"unit":"px","top":"0","right":"0","bottom":"0","left":"0","isLinked":false}},"elements":[{"id":"367d17d6","settings":{"_column_size":25,"_inline_size":null,"_inline_size_mobile":15},"elements":[{"id":"13b650d6","settings":{"selected_icon":{"value":"fas fa-check-circle","library":"fa-solid"},"primary_color":"#61CE70","size":{"unit":"px","size":26,"sizes":[]},"align_mobile":"left"},"elements":[],"isInner":false,"widgetType":"icon","elType":"widget"}],"isInner":true,"elType":"column"},{"id":"26f2d094","settings":{"_column_size":25,"_inline_size":null,"_inline_size_mobile":85},"elements":[{"id":"5663548b","settings":{"title":"BOX BANNERS B\u00cdBLICOS","align":"left","title_color":"#54595F","typography_typography":"custom","typography_font_family":"Montserrat","typography_font_size":{"unit":"px","size":22,"sizes":[]},"_margin":{"unit":"px","top":"3","right":"0","bottom":"0","left":"-111","isLinked":false},"_padding":{"unit":"px","top":"0","right":"0","bottom":"0","left":"0","isLinked":false},"_margin_mobile":{"unit":"px","top":"0","right":"0","bottom":"0","left":"0","isLinked":true},"_padding_mobile":{"unit":"px","top":"0","right":"0","bottom":"0","left":"0","isLinked":true}},"elements":[],"isInner":false,"widgetType":"heading","elType":"widget"}],"isInner":true,"elType":"column"},{"id":"5650a499","settings":{"_column_size":50,"_inline_size":null,"content_position":"center"},"elements":[{"id":"669d6196","settings":{"title":"<s>R$ 47,00<\/s>","title_color":"#54595F","typography_typography":"custom","typography_font_family":"Montserrat","typography_font_size":{"unit":"px","size":22,"sizes":[]},"align_mobile":"right","align":"center"},"elements":[],"isInner":false,"widgetType":"heading","elType":"widget"}],"isInner":true,"elType":"column"}],"isInner":true,"elType":"section"},{"id":"389463ee","settings":{"text":"Divisor","color":"#DADADA"},"elements":[],"isInner":false,"widgetType":"divider","elType":"widget"},{"id":"577cfc39","settings":{"structure":"31","margin":{"unit":"px","top":"0","right":0,"bottom":"0","left":0,"isLinked":false},"padding":{"unit":"px","top":"0","right":"0","bottom":"0","left":"0","isLinked":false}},"elements":[{"id":"75fa802a","settings":{"_column_size":25,"_inline_size":null,"_inline_size_mobile":15},"elements":[{"id":"5483b6bd","settings":{"selected_icon":{"value":"fas fa-check-circle","library":"fa-solid"},"primary_color":"#61CE70","size":{"unit":"px","size":26,"sizes":[]},"align_mobile":"left"},"elements":[],"isInner":false,"widgetType":"icon","elType":"widget"}],"isInner":true,"elType":"column"},{"id":"3f776273","settings":{"_column_size":25,"_inline_size":null,"_inline_size_mobile":85},"elements":[{"id":"28d4eca0","settings":{"title":"BOX BANNERS FRASES E CITA\u00c7\u00d5ES","align":"left","title_color":"#54595F","typography_typography":"custom","typography_font_family":"Montserrat","typography_font_size":{"unit":"px","size":22,"sizes":[]},"_margin":{"unit":"px","top":"3","right":"0","bottom":"0","left":"-111","isLinked":false},"_padding":{"unit":"px","top":"0","right":"0","bottom":"0","left":"0","isLinked":false},"_margin_mobile":{"unit":"px","top":"0","right":"0","bottom":"0","left":"0","isLinked":true}},"elements":[],"isInner":false,"widgetType":"heading","elType":"widget"}],"isInner":true,"elType":"column"},{"id":"e7e9d85","settings":{"_column_size":50,"_inline_size":null,"content_position":"center"},"elements":[{"id":"5391b228","settings":{"title":"<s>R$ 47,00<\/s>","title_color":"#54595F","typography_typography":"custom","typography_font_family":"Montserrat","typography_font_size":{"unit":"px","size":22,"sizes":[]},"align_mobile":"right","align":"center"},"elements":[],"isInner":false,"widgetType":"heading","elType":"widget"}],"isInner":true,"elType":"column"}],"isInner":true,"elType":"section"},{"id":"3f0e4a47","settings":{"text":"Divisor","color":"#DADADA"},"elements":[],"isInner":false,"widgetType":"divider","elType":"widget"},{"id":"5908b50d","settings":{"structure":"31","margin":{"unit":"px","top":"0","right":0,"bottom":"0","left":0,"isLinked":false},"padding":{"unit":"px","top":"0","right":"0","bottom":"0","left":"0","isLinked":false}},"elements":[{"id":"11b2463e","settings":{"_column_size":25,"_inline_size":null,"_inline_size_mobile":15},"elements":[{"id":"717be1ae","settings":{"selected_icon":{"value":"fas fa-check-circle","library":"fa-solid"},"primary_color":"#61CE70","size":{"unit":"px","size":26,"sizes":[]},"align_mobile":"left"},"elements":[],"isInner":false,"widgetType":"icon","elType":"widget"}],"isInner":true,"elType":"column"},{"id":"7d5d66a5","settings":{"_column_size":25,"_inline_size":null,"_inline_size_mobile":85},"elements":[{"id":"4e169852","settings":{"title":"BOX BANNERS DATAS COMEMORATIVAS","align":"left","title_color":"#54595F","typography_typography":"custom","typography_font_family":"Montserrat","typography_font_size":{"unit":"px","size":22,"sizes":[]},"_margin":{"unit":"px","top":"3","right":"0","bottom":"0","left":"-111","isLinked":false},"_padding":{"unit":"px","top":"0","right":"0","bottom":"0","left":"0","isLinked":false},"_margin_mobile":{"unit":"px","top":"0","right":"0","bottom":"0","left":"0","isLinked":true}},"elements":[],"isInner":false,"widgetType":"heading","elType":"widget"}],"isInner":true,"elType":"column"},{"id":"6f5bd04a","settings":{"_column_size":50,"_inline_size":null,"content_position":"center"},"elements":[{"id":"28e651f7","settings":{"title":"<s>R$ 47,00<\/s>","title_color":"#54595F","typography_typography":"custom","typography_font_family":"Montserrat","typography_font_size":{"unit":"px","size":22,"sizes":[]},"align_mobile":"right","align":"center"},"elements":[],"isInner":false,"widgetType":"heading","elType":"widget"}],"isInner":true,"elType":"column"}],"isInner":true,"elType":"section"},{"id":"1be1df48","settings":{"text":"Divisor","color":"#DADADA"},"elements":[],"isInner":false,"widgetType":"divider","elType":"widget"},{"id":"5e5dc676","settings":{"title":"NO TOTAL DEVERIA CUSTAR","align":"center","title_color":"#54595F","typography_typography":"custom","typography_font_family":"Montserrat","typography_font_size":{"unit":"rem","size":2,"sizes":[]},"_padding":{"unit":"px","top":"50","right":"0","bottom":"0","left":"0","isLinked":false}},"elements":[],"isInner":false,"widgetType":"heading","elType":"widget"},{"id":"4b9fc7b2","settings":{"title":"R$ 288,00","align":"center","title_color":"#61CE70","typography_typography":"custom","typography_font_family":"Montserrat","typography_font_size":{"unit":"rem","size":4,"sizes":[]},"typography_font_weight":"700","typography_text_decoration":"line-through"},"elements":[],"isInner":false,"widgetType":"heading","elType":"widget"}],"isInner":false,"elType":"column"}],"isInner":false,"elType":"section"},{"id":"53d79944","settings":{"background_background":"classic","background_color":"#FFFFFF","shape_divider_top":"arrow","shape_divider_top_color":"#F15A24","margin":{"unit":"px","top":"0","right":0,"bottom":"0","left":0,"isLinked":false},"padding":{"unit":"px","top":"27","right":"0","bottom":"0","left":"0","isLinked":false}},"elements":[{"id":"7a6060e4","settings":{"_column_size":100,"_inline_size":null},"elements":[{"id":"2590d5b9","settings":{"image":{"url":"http:\/\/confeiteirasdesucesso.com.br\/wp-content\/uploads\/2021\/04\/placeholder-29.png","id":257},"image_size":"custom","image_custom_dimension":{"width":"600","height":"0"}},"elements":[],"isInner":false,"widgetType":"image","elType":"widget"},{"id":"65391156","settings":{"title":"MAS O INVESTIMENTO QUE VOC\u00ca FAR\u00c1 HOJE PARA TER ACESSO AO CALEND\u00c1RIO DE CONTE\u00daDO E TODOS OS B\u00d4NUS SER\u00c1 DE APENAS...","align":"center","title_color":"#54595F","typography_typography":"custom","typography_font_family":"Montserrat","typography_font_size":{"unit":"rem","size":2,"sizes":[]},"typography_font_size_mobile":{"unit":"px","size":22,"sizes":[]}},"elements":[],"isInner":false,"widgetType":"heading","elType":"widget"},{"id":"5019a959","settings":{"title":"5 x R$ 9,40\n","align":"center","title_color":"#61CE70","typography_typography":"custom","typography_font_family":"Montserrat","typography_font_size":{"unit":"rem","size":4,"sizes":[]},"typography_font_weight":"700","typography_font_size_mobile":{"unit":"px","size":44,"sizes":[]}},"elements":[],"isInner":false,"widgetType":"heading","elType":"widget"},{"id":"355069e3","settings":{"title":"ou R$ 47 \u00e0 vista","align":"center","title_color":"#54595F","typography_typography":"custom","typography_font_family":"Montserrat","typography_font_size":{"unit":"rem","size":1.8000000000000000444089209850062616169452667236328125,"sizes":[]},"typography_font_size_mobile":{"unit":"px","size":22,"sizes":[]}},"elements":[],"isInner":false,"widgetType":"heading","elType":"widget"},{"id":"33bd1236","settings":{"text":"SIM! EU QUERO O MEU CALEND\u00c1RIO DE CONTE\u00daDO","align":"center","size":"xl","selected_icon":{"value":"fas fa-arrow-circle-right","library":"fa-solid"},"button_background_hover_color":"#E67B00","hover_animation":"pulse-grow","border_radius":{"unit":"px","top":"25","right":"25","bottom":"25","left":"25","isLinked":true},"background_color":"#61CE70"},"elements":[],"isInner":false,"widgetType":"button","elType":"widget"},{"id":"12f7c971","settings":{"image":{"id":"219","url":"http:\/\/confeiteirasdesucesso.com.br\/wp-content\/uploads\/2021\/04\/pagamentos-1.png"}},"elements":[],"isInner":false,"widgetType":"image","elType":"widget"}],"isInner":false,"elType":"column"}],"isInner":false,"elType":"section"},{"id":"7f756d41","settings":{"background_background":"classic","background_color":"#FFAE00","margin":{"unit":"px","top":"0","right":0,"bottom":"0","left":0,"isLinked":false},"padding":{"unit":"px","top":"80","right":"0","bottom":"80","left":"0","isLinked":false},"shape_divider_top_height":{"unit":"px","size":20,"sizes":[]},"shape_divider_bottom_color":"#54595F","shape_divider_bottom_height":{"unit":"px","size":25,"sizes":[]}},"elements":[{"id":"7b9020b","settings":{"_column_size":100,"_inline_size":null},"elements":[{"id":"171d1769","settings":{"title":"\nVOC\u00ca TEM 07 DIAS DE GARANTIA","align":"center","title_color":"#000000","typography_typography":"custom","typography_font_family":"Montserrat","typography_font_size":{"unit":"px","size":32,"sizes":[]}},"elements":[],"isInner":false,"widgetType":"heading","elType":"widget"},{"id":"17c70c6c","settings":{"image":{"id":"220","url":"http:\/\/confeiteirasdesucesso.com.br\/wp-content\/uploads\/2021\/04\/Selo-de-garantia-1.png"},"image_size":"medium","align":"center","align_mobile":"center","_margin_mobile":{"unit":"px","top":"0","right":"0","bottom":"0","left":"0","isLinked":true},"_padding_mobile":{"unit":"px","top":"0","right":"0","bottom":"0","left":"0","isLinked":true}},"elements":[],"isInner":false,"widgetType":"image","elType":"widget"},{"id":"7a26580b","settings":{"margin":{"unit":"px","top":"0","right":0,"bottom":"0","left":0,"isLinked":false},"padding":{"unit":"px","top":"0","right":"0","bottom":"0","left":"0","isLinked":false}},"elements":[{"id":"3b1266d1","settings":{"_column_size":100,"_inline_size":null,"content_position":"center"},"elements":[{"id":"50b6b6ba","settings":{"title":"Se voc\u00ea fizer sua compra, ver todo conte\u00fado, aplicar e, em 07 dias achar que este Calend\u00e1rio de Conte\u00fado e as centenas de artes n\u00e3o contribu\u00edram para a melhoria das Redes Sociais da sua Igreja ou Minist\u00e9rio, \u00e9 s\u00f3 pedir o seu dinheiro de volta na plataforma. Apenas 1 clique e voc\u00ea cancela!","title_color":"#000000","typography_typography":"custom","typography_font_family":"Montserrat","typography_font_size":{"unit":"px","size":21,"sizes":[]},"typography_font_weight":"400","typography_line_height":{"unit":"em","size":1.899999999999999911182158029987476766109466552734375,"sizes":[]}},"elements":[],"isInner":false,"widgetType":"heading","elType":"widget"}],"isInner":true,"elType":"column"}],"isInner":true,"elType":"section"}],"isInner":false,"elType":"column"}],"isInner":false,"elType":"section"},{"id":"1365cb7","settings":{"gap":"no","custom_height":{"unit":"px","size":1200},"content_position":"middle","padding":{"unit":"px","top":"80","right":"0","bottom":"100","left":"0","isLinked":false},"padding_tablet":{"unit":"px","top":"100","right":"25","bottom":"100","left":"25","isLinked":false},"padding_mobile":{"unit":"px","top":"50","right":"20","bottom":"50","left":"20","isLinked":false},"background_background":"classic","background_color":"#54595F","margin":{"unit":"px","top":"0","right":0,"bottom":"0","left":0,"isLinked":false},"shape_divider_bottom_height":{"unit":"px","size":25,"sizes":[]}},"elements":[{"id":"27dce4b6","settings":{"_column_size":100,"padding":{"unit":"%","top":"0","right":"15","bottom":"0","left":"15","isLinked":false},"padding_tablet":{"unit":"px","top":"0","right":"0","bottom":"0","left":"0","isLinked":true}},"elements":[{"id":"4b1437d3","settings":{"title":"PERGUNTAS FREQUENTES","align":"center","title_color":"#FFFFFF","typography_typography":"custom","typography_font_size":{"unit":"rem","size":2},"typography_font_weight":"600","typography_line_height":{"unit":"em","size":1.1999999999999999555910790149937383830547332763671875},"_margin":{"unit":"px","top":"0","right":"0","bottom":"0","left":"0","isLinked":true},"header_size":"h4","typography_font_family":"Montserrat"},"elements":[],"isInner":false,"widgetType":"heading","elType":"widget"},{"id":"773c0f24","settings":{"tabs":[{"tab_title":"A COMPRA \u00c9 SEGURA?","tab_content":"<p>Sim, usamos a Hotmart, a maior empresa de Conte\u00fado Digital para Cursos e Produtos Online da Am\u00e9rica Latina.<\/p>","_id":"63781e1"}],"border_color":"rgba(234,234,234,0)","space_between":{"unit":"px","size":21},"title_background":"rgba(0,0,0,0)","title_color":"#000000","tab_active_color":"#00ce1b","title_typography_typography":"custom","title_typography_font_size":{"unit":"px","size":22},"title_typography_font_weight":"700","title_typography_text_transform":"uppercase","icon_align":"right","icon_color":"#000000","icon_active_color":"#00ce1b","content_background_color":"rgba(0,0,0,0)","content_typography_typography":"custom","content_typography_font_size":{"unit":"px","size":18},"content_typography_font_weight":"300","content_padding":{"unit":"px","top":"0","right":"0","bottom":"0","left":"17","isLinked":false},"_margin":{"unit":"px","top":"55","right":"0","bottom":"0","left":"0","isLinked":false},"_padding":{"unit":"px","top":"20","right":"20","bottom":"20","left":"20","isLinked":true},"content_color":"#000000","_background_background":"classic","_background_color":"#fcfcfc","_border_border":"solid","_border_width":{"unit":"px","top":"1","right":"1","bottom":"1","left":"1","isLinked":true},"_border_color":"#e2e2e2","_margin_tablet":{"unit":"px","top":"30","right":"0","bottom":"0","left":"0","isLinked":false},"_padding_mobile":{"unit":"px","top":"20","right":"20","bottom":"20","left":"20","isLinked":true},"title_typography_font_family":"Montserrat","content_typography_font_family":"Montserrat"},"elements":[],"isInner":false,"widgetType":"toggle","elType":"widget"},{"id":"2e87cf8","settings":{"tabs":[{"tab_title":"Ser\u00e1 que este Calend\u00e1rio para M\u00eddias Sociais de Igrejas e Minist\u00e9rios \u00e9 para mim?","tab_content":"<p>Sim, utilizamos toda nossa experi\u00eancia de 10 anos gerenciando Redes Sociais de Igrejas e Minist\u00e9rios, com base no que vivenciamos e aplicamos no dia-a-dia para nossos clientes, criamos o calend\u00e1rio com ideias de conte\u00fado.<\/p>","_id":"63781e1"}],"border_color":"rgba(234,234,234,0)","space_between":{"unit":"px","size":21},"title_background":"rgba(0,0,0,0)","title_color":"#000000","tab_active_color":"#00ce1b","title_typography_typography":"custom","title_typography_font_size":{"unit":"px","size":22},"title_typography_font_weight":"700","title_typography_text_transform":"uppercase","icon_align":"right","icon_color":"#000000","icon_active_color":"#00ce1b","content_background_color":"rgba(0,0,0,0)","content_typography_typography":"custom","content_typography_font_size":{"unit":"px","size":18},"content_typography_font_weight":"300","content_padding":{"unit":"px","top":"0","right":"0","bottom":"0","left":"17","isLinked":false},"_margin":{"unit":"px","top":"0","right":"0","bottom":"0","left":"0","isLinked":false},"_padding":{"unit":"px","top":"20","right":"20","bottom":"20","left":"20","isLinked":true},"content_color":"#000000","_background_background":"classic","_background_color":"#fcfcfc","_border_border":"solid","_border_width":{"unit":"px","top":"1","right":"1","bottom":"1","left":"1","isLinked":true},"_border_color":"#e2e2e2","_margin_tablet":{"unit":"px","top":"30","right":"0","bottom":"0","left":"0","isLinked":false},"_padding_mobile":{"unit":"px","top":"20","right":"20","bottom":"20","left":"20","isLinked":true},"title_typography_font_family":"Montserrat","content_typography_font_family":"Montserrat"},"elements":[],"isInner":false,"widgetType":"toggle","elType":"widget"},{"id":"753badcd","settings":{"tabs":[{"tab_title":"Eu posso adaptar o conte\u00fado se eu quiser?","tab_content":"<p>Sim! O calend\u00e1rio foi pensado estrategicamente com diversos formatos de conte\u00fados para voc\u00ea criar relacionamentos e aumentar sua relev\u00e2ncia.<\/p>","_id":"63781e1"}],"border_color":"rgba(234,234,234,0)","space_between":{"unit":"px","size":21},"title_background":"rgba(0,0,0,0)","title_color":"#000000","tab_active_color":"#00ce1b","title_typography_typography":"custom","title_typography_font_size":{"unit":"px","size":22},"title_typography_font_weight":"700","title_typography_text_transform":"uppercase","icon_align":"right","icon_color":"#000000","icon_active_color":"#00ce1b","content_background_color":"rgba(0,0,0,0)","content_typography_typography":"custom","content_typography_font_size":{"unit":"px","size":18},"content_typography_font_weight":"300","content_padding":{"unit":"px","top":"0","right":"0","bottom":"0","left":"17","isLinked":false},"_margin":{"unit":"px","top":"0","right":"0","bottom":"0","left":"0","isLinked":false},"_padding":{"unit":"px","top":"20","right":"20","bottom":"20","left":"20","isLinked":true},"content_color":"#000000","_background_background":"classic","_background_color":"#fcfcfc","_border_border":"solid","_border_width":{"unit":"px","top":"1","right":"1","bottom":"1","left":"1","isLinked":true},"_border_color":"#e2e2e2","_margin_tablet":{"unit":"px","top":"30","right":"0","bottom":"0","left":"0","isLinked":false},"_padding_mobile":{"unit":"px","top":"20","right":"20","bottom":"20","left":"20","isLinked":true},"title_typography_font_family":"Montserrat","content_typography_font_family":"Montserrat"},"elements":[],"isInner":false,"widgetType":"toggle","elType":"widget"},{"id":"25184d2b","settings":{"tabs":[{"tab_title":"Como recebo o Calend\u00e1rio para M\u00eddias Sociais?","tab_content":"<p>Assim que voc\u00ea adquirir, ir\u00e1 receber em seu email os dados de acesso a plataforma de alunos, com todos os conte\u00fados do calend\u00e1rio.<\/p>","_id":"63781e1"}],"border_color":"rgba(234,234,234,0)","space_between":{"unit":"px","size":21},"title_background":"rgba(0,0,0,0)","title_color":"#000000","tab_active_color":"#00ce1b","title_typography_typography":"custom","title_typography_font_size":{"unit":"px","size":22},"title_typography_font_weight":"700","title_typography_text_transform":"uppercase","icon_align":"right","icon_color":"#000000","icon_active_color":"#00ce1b","content_background_color":"rgba(0,0,0,0)","content_typography_typography":"custom","content_typography_font_size":{"unit":"px","size":18},"content_typography_font_weight":"300","content_padding":{"unit":"px","top":"0","right":"0","bottom":"0","left":"17","isLinked":false},"_margin":{"unit":"px","top":"0","right":"0","bottom":"0","left":"0","isLinked":false},"_padding":{"unit":"px","top":"20","right":"20","bottom":"20","left":"20","isLinked":true},"content_color":"#000000","_background_background":"classic","_background_color":"#fcfcfc","_border_border":"solid","_border_width":{"unit":"px","top":"1","right":"1","bottom":"1","left":"1","isLinked":true},"_border_color":"#e2e2e2","_margin_tablet":{"unit":"px","top":"30","right":"0","bottom":"0","left":"0","isLinked":false},"_padding_mobile":{"unit":"px","top":"20","right":"20","bottom":"20","left":"20","isLinked":true},"title_typography_font_family":"Montserrat","content_typography_font_family":"Montserrat"},"elements":[],"isInner":false,"widgetType":"toggle","elType":"widget"}],"isInner":false,"elType":"column"}],"isInner":false,"elType":"section"},{"id":"237b8720","settings":{"background_background":"classic","background_color":"#FFFFFF","shape_divider_top":"arrow","shape_divider_top_color":"#F15A24","margin":{"unit":"px","top":"0","right":0,"bottom":"0","left":0,"isLinked":false},"padding":{"unit":"px","top":"27","right":"0","bottom":"0","left":"0","isLinked":false}},"elements":[{"id":"61f7ed53","settings":{"_column_size":100,"_inline_size":null},"elements":[{"id":"87f3bb5","settings":{"image":{"url":"http:\/\/confeiteirasdesucesso.com.br\/wp-content\/uploads\/2021\/04\/placeholder-29.png","id":257},"image_size":"custom","image_custom_dimension":{"width":"600","height":"0"}},"elements":[],"isInner":false,"widgetType":"image","elType":"widget"},{"id":"608f9c80","settings":{"title":"GARANTA AGORA O SEU CALEND\u00c1RIO DE CONTE\u00daDO POR APENAS...","align":"center","title_color":"#54595F","typography_typography":"custom","typography_font_family":"Montserrat","typography_font_size":{"unit":"rem","size":2,"sizes":[]}},"elements":[],"isInner":false,"widgetType":"heading","elType":"widget"},{"id":"a40ca8c","settings":{"title":"5 x R$ 9,40","align":"center","title_color":"#61CE70","typography_typography":"custom","typography_font_family":"Montserrat","typography_font_size":{"unit":"rem","size":4,"sizes":[]},"typography_font_weight":"700","typography_font_size_mobile":{"unit":"px","size":40,"sizes":[]}},"elements":[],"isInner":false,"widgetType":"heading","elType":"widget"},{"id":"4e4c5d5a","settings":{"title":"ou R$ 47 \u00e0 vista","align":"center","title_color":"#54595F","typography_typography":"custom","typography_font_family":"Montserrat","typography_font_size":{"unit":"rem","size":1.8000000000000000444089209850062616169452667236328125,"sizes":[]},"typography_font_size_mobile":{"unit":"px","size":22,"sizes":[]}},"elements":[],"isInner":false,"widgetType":"heading","elType":"widget"},{"id":"43ff886a","settings":{"text":"SIM! EU QUERO O MEU CALEND\u00c1RIO DE CONTE\u00daDO","align":"center","size":"xl","selected_icon":{"value":"fas fa-arrow-circle-right","library":"fa-solid"},"button_background_hover_color":"#E67B00","hover_animation":"pulse-grow","border_radius":{"unit":"px","top":"25","right":"25","bottom":"25","left":"25","isLinked":true},"background_color":"#61CE70"},"elements":[],"isInner":false,"widgetType":"button","elType":"widget"},{"id":"666a6ebb","settings":{"image":{"id":"219","url":"http:\/\/confeiteirasdesucesso.com.br\/wp-content\/uploads\/2021\/04\/pagamentos-1.png"}},"elements":[],"isInner":false,"widgetType":"image","elType":"widget"}],"isInner":false,"elType":"column"}],"isInner":false,"elType":"section"},{"id":"1acf2182","settings":{"gap":"no","custom_height":{"unit":"px","size":800},"content_position":"middle","background_background":"classic","background_color":"#54595F","padding":{"unit":"px","top":"100","right":"0","bottom":"100","left":"0","isLinked":false},"padding_tablet":{"unit":"px","top":"100","right":"25","bottom":"100","left":"25","isLinked":false},"padding_mobile":{"unit":"px","top":"50","right":"20","bottom":"50","left":"20","isLinked":false}},"elements":[{"id":"6cb474cc","settings":{"_column_size":100,"_inline_size":null,"padding":{"unit":"px","top":"0","right":"0","bottom":"0","left":"25","isLinked":false}},"elements":[{"id":"648e9c45","settings":{"editor":"<p>2021 | Todos os Direitos Reservados<\/p>","align":"center","text_color":"#FFFFFF","typography_typography":"custom","typography_font_size":{"unit":"px","size":16},"typography_font_weight":"300","typography_line_height":{"unit":"em","size":2}},"elements":[],"isInner":false,"widgetType":"text-editor","elType":"widget"}],"isInner":false,"elType":"column"}],"isInner":false,"elType":"section"}],"page_settings":[],"version":"0.4","title":"Modelo Pagina de Vendas &#8211; Alunos &#8211; 3.0","type":"page"}